call_me_cute_kitty_13|1
aamiix____|1
official_ashu445|1
sam_l_you|1
sebin_thadikkaran|1
mr_nick_2416|1
aoifeirlys|1
fearlessly_flawed_1|1
its__priyanka12|1
amruthaantu|1
sandy_.518|1
bandhavya._.r|1
kushali_goparaju|1
sweezel_|1
_anit_jose_|1
_clare.joseph_|1
cute______crush|1
__blah_blah_blaah_|1
shivaraj_bhangi|1
alina_lepcha_17|1
an___iiishh_aaa|1
__undeservingbitch__|1
taisonabraham|1
drsandhya_|1
thefoodiesrestro|1
_aldrin_sunny_|1
f.r.j1202|1
reethu_nikitharobert|1
daily_biblequotes2022|1
niranjanho|1
srivasthava_001|0
anlittacjohnson|0
anoop__k__s|-1
_revv_head_|-1
amal_spam56|1
aneena_james_|0
__bless__ame__|0
htj_77|0
anu_mol_johns|0
lysander_hugh_lopes_01|-1
annmary_johns|0
sreshtta.tnzn_|0
kevin.baji|-1
jithindavid007|-1
durgamgangireddy|1
niroscin|0
itz_k.anuj_|0
punith_10k|1
lino_george_kurian|1
vineeth_p_r_|0
casting__india|1
__.akzy.___|0
raisa__castelino|0
juz_jusvanth|1
__.bens0n.__|1
christoajaisiluvai|1
ananya_yuvakumar|0
adi_jangir.07|0
mr_som.01|0
elzabeth_elza_|0
anjo_gijo_aryapillil_|0
vudarbaganmus|1
jacob.annmary|0
kawale7210|1
faraj9696|-1
_alb.x.n__|0
celebratie_officialsdubs|0
cris.lyn04|0
_praveen_goutham|0
liya__._|0
_.aina21._|0
xavi_dami|0
___.bobby._.v|0
vipul_alex|1
melbzz000|0
mr.jerry_00_7|1
aji_ambrozz|1
__ar0ra__|0
sahina.sulatana|1
sajan568619|1
a_l_n__a_l_x|0
_joel_tito_|0
st.johns_medical_college|1
shruthz91|1
stephen_stephin_abraham|1
vinai_divine|0
sadhokinantony|1
alwin_astro|1
ajay.fule.948|1
anna_liju_|0
joshua.jo077|0
rinta_gloria|0
aashi_karky_raj|0
vidya_sagar__s|0
__the_panda___|0
justin.minz_|0
ofsupriyo|0
helna_sajan|-1
manali1301|0
feba_bijoy|-1
rachana_n_murthy|0
_.vyshhhhhh._|0
edwin.saji999|1
johnemmanuel1205|1
ahscommittee|1
srea.h|-1
_s._r.__|1
libina_sabu|0
beast._in|0
_nvndsilva|0
__al__an___|0
rinky.thomas|1
__angel_mariya_|0
__jeni_tta__|0
maddydhilip|1
69craftman|1
herewegoagaiiinnnnn|1
neetiyadavinsta|0
vishalkaushik_06|1
jomy_jr|0
_._.gl_._|0
the_choco_witch|0
karthikshettym|0
mohitjain_m.j|0
call_me_as_stuffer_|1
jackman286|0
shiraz__1947|0
_dr_n_o_b_o_d_y_|0
mathew.seb|0
_____aslu__|0
prinzthomaz|0
nayagamperiya64|1
ahmednailartist|1
jacob_nova_|0
abdstars_blr|1
__a.leena_|0
josephthalakkal|1
aacchu118|1
_son_of_varky_|0
im_mysterious_heart|1
stee_ve_|0
kriti86900|0
dr.rahul_27|0
shamitha_jenifer|0
cathisaji|0
glen_dsouza007|0
_maryjency_|1
_joel_7842|-1
donjmaliyakkal|-1
mich_berna_lobo|-1
__vineetha___|-1
meera_mathews__|-1
___tom__thomas|-1
_febin_raju_345|-1
anjal_i_antony|-1
johannthomas97|-1
ashik_titus_k|-1
christinaa_antony|-1
reji_k_jose_98|-1
saranyaprabhu04|-1
pretishia_maria|-1
clyderichard|-1
paka_local99|-1
tom_in_|-1
akshay.aditya|-1
joe__kuttan|-1
jeff_in_1996|-1
annmaryroy_thuruthikattu|-1
chrijohn2002|-1
nikita.rao9|-1
_rani_mathew|-1
minnu__sha__|-1
varsha_sivan007|-1
sal.v.in|-1
troglodyte_amex|-1
akki._.jo|-1
ajit.benny24|-1
_joshna_pinto_|-1
seku4949|-1
mystery_ashish|-1
deva_das_nt|-1
si.ddu1991|-1
vysakh.ui|-1
arjunraoas|-1
fearnot_entertainment|-1
urs_ak_rp|-1
appas_queen|-1
khajaraaz|-1
srisaienterprises_digital|-1
boring_day_fun_racer|-1
rian_cruz92|-1
unomahesh|-1
robin._.mathew|-1
musii_mlkn|-1
isaac_israel_7|-1
ssinchu41|-1
illegal_r.i.d.e.r|-1
casa.bengaluru|-1
_being.murad|-1
annunciata_b_spencer|-1
ahsan_reza99|-1
kadan_22|-1
bineetha_minnuse|-1
shivangichoudhary28|-1
devilsdd2022|-1
shriram_1806|-1
itz_gift___|-1
j.e.y.a_sheel_|-1
aasth.ah_here|-1
rajulramu17|-1
praveen7302924|-1
clementmarshal14|-1
__robinnnn___|-1
ravine__love|-1
_a.m.u.l.y.a.a_|-1
ashwin_the_alone|-1
xbenx.pvt|-1
_.hijab_queen_|-1
leena_2512|-1
abhinavyuvraj13|-1
__fe.b._|-1
euphoria_ha|-1
agn19045|-1
_joe_jeune_|-1
